{
    "best_threshold": 0.5,
    "test_loss": 0.009776250299869352,
    "test_acc": 0.9164129357715521,
    "test_precision": 0.8391495332804588,
    "test_recall": 0.8728859273361891,
    "test_f1": 0.8556853352411465,
    "test_auc": 0.9682653303396218,
    "test_specificity": 0.9336687842002641,
    "confusion_matrix": [
        [
            74222,
            5273
        ],
        [
            4006,
            27509
        ]
    ],
    "training_config": {
        "batch_size": 32,
        "learning_rate": 3e-05,
        "num_epochs": 50,
        "focal_alpha": 0.65,
        "focal_gamma": 3.5
    }
}